hour_of_day,no_planned_trips,no_actual_trips
0,0,0.0
1,0,0.0
2,0,0.0
3,0,0.0
4,0,0.0
5,2,0.42
6,7,7.04
7,8,8.1
8,10,9.2
9,6,4.970000000000001
10,9,8.45
11,7,6.29
12,7,4.32
13,3,3.16
14,9,6.6499999999999995
15,10,7.870000000000001
16,11,5.1
17,8,3.38
18,11,1.8399999999999999
19,6,2.91
20,3,2.48
21,2,0.8700000000000001
22,1,0.19
23,0,0.0
